Country/Company,,,,Company size,,Company skill,,Products,,,,,Product examples,,,,,Production facilities
,,,,,,,,,,,,,,,,,,
Australia (CM = 1.1),,,,,,,,,,,,,,,,,,
BAE Systems Australia,,,,22,8,8,,"Guided missiles, electronics, computers, communication equipment, aerospace, ship design",,,,,"http://en.wikipedia.org/wiki/Hobart_class_destroyer, http://en.wikipedia.org/wiki/Canberra_class_Landing_Helicopter_Dock",,,,,22 Adelaide
ASC,,,,12,12,6,,"Submarines, ship design",,,,,http://en.wikipedia.org/wiki/Collins_class_submarine_replacement_project,,,,,12 Adelaide
CEA Technologies,,,,5,,4,,"Radar, communications and electronics",,,,,,,,,,"3 Canberra, 1 Adelaide, 1 Melbourne"
GDLS Australia,,,,14,,5,,AFV,,,,,,,,,,"10 Adelaide, 2 Darwin, 2 Brisbane"
Strategic Marine,,,,4,4,4,,"small ship design (patrol boats, landing craft)",,,,,,,,,,4 Perth
Thales Australia,,,,18,10,7,,"small arms, ship repair, AFV",,,,,http://en.wikipedia.org/wiki/Bushmaster_IMV,,,,,"12 Sydney, 6 Brisbane"
,,,,75,34,,,,,,,,,,,,,
Austria (CM = 1.0),,,,,,,,,,,,,,,,,,
Steyr Mannlicher,,,,10,,7,,"Small arms, ammunition",,,,,http://en.wikipedia.org/wiki/Steyr_AUG,,,,,10 in Steyr
General Dynamics Steyr,,,,15,,7,,"AFV's, ulan and pandur",,,,,,,,,,
Frequentis,,,,10,,5,,"Electronics, communications equipment",,,,,,,,,,10 in Wien
,,,,35,,,,,,,,,,,,,,
Azerbaijan (CM = 5.0),,,,,,,,,,,,,,,,,,
Azerbaijani Defense Industry,,,,8,,4,,"AFVs, small arms, artillery, ammunition",,,,,http://en.wikipedia.org/wiki/Istiglal_Anti-Material_Rifle,,,,,8 in Baku
,,,,8,,,,,,,,,,,,,,
Belgium (CM = 0.9),,,,,,,,,,,,,,,,,,
FN Herstal,,,,14,,6,,"Small arms, ammunition",,,,,http://en.wikipedia.org/wiki/FN_SCAR,,,,,14 in Herstal
CMI Defence,,,,16,,4,,"AFVs, artillery",,,,,,,,,,16 in Liege
Sabiex International,,,,19,,4,,AFVs,,,,,,,,,,19 in Brussels
SABCA,,,,12,,4,,trainer aircraft,,,,,,,,,,"6 in Limburg, 3 in Brussels and 3 in Charleroi"
Barco NV,,,,16,,4,,computers,,,,,,,,,,16 in Kortrijk
Boelwerf Shipyard,,,,13,,5,,"small military ships, frigate size or smaller",,,,,,,,,,13 in Temse
,,,,90,13,,,,,,,,,,,,,
Brazil (CM = 3.3),,,,,,,,,,,,,,,,,,
Avibras,,,,25,,7,,"AFVs, artillery systems, missiles, cruise missiles, explosives, air-defense systems",,,,,http://en.wikipedia.org/wiki/Astros_II_MLRS,,,,,25 in São José dos Campos
IMBEL,,,,12,,6,,"small arms, ammunition",,,,,http://en.wikipedia.org/wiki/IMBEL_MD2,,,,,12 in Sao Paulo
Helibras,,,,178,,6,,helicopters,,,,,,,,,,178 in Itajuba
Embraer,,,,214,,5,,aircraft,,,,,http://en.wikipedia.org/wiki/Embraer_EMB_314_Super_Tucano,,,,,"131 Sao Jose dos Campos, 81 Gaviao Peixoto"
Arsenal do Marinha,,,,28,,4,,"small military ships, tankers, transports",,,,,,,,,,28 in Rio de Janeiro
,,,,457,28,,,,,,,,,,,,,
Bulgaria (CM = 5.0),,,,,,,,,,,,,,,,,,
Arsenal,,,,9,,5,,"small arms, ammunition",,,,,,,,,,7 in Kazanlak (near Stara Zagora)
Beta Industry,,,,10,,5,,artillery,,,,,,,,,,10 in Cherven Bryag
VMZ,,,,15,,5,,"small arms, artillery, rocket artillery, missile systems",,,,,,,,,,15 in Sopot
Samel-90,,,,10,,5,,"computers, communications equipment",,,,,,,,,,10 in Sofia
,,,,44,,,,,,,,,,,,,,
Myanmar (CM = ?),,,,,,,,,,,,,,,,,,
Myanmar Defence Industries,,,,16,,2,,"small arms, ammunition, artillery, AFVs",,,,,,,,,,"10 in Rangoon, 6 in Mandalay"
Myanmar Dockyard,,,,5,,2,,"small ships (patrol ships, missile boats)",,,,,,,,,,5 in Rangoon
,,,,21,5,,,,,,,,,,,,,
Canada (CM = 1.1),,,,,,,,,,,,,,,,,,
Diemaco,,,,17,,6,,"small arms, ammunition",,,,,,,,,,17 in Kitchener
General Dynamics Land Systems,,,,56,,8,,AFVs,,,,,,,,,,"56 in London, Ontario"
Bombardier Aerospace,,,,110,,5,,light aircraft,,,,,,,,,,110 in Montreal
Marine Industries Limited,,,,20,,6,,"small military ships (frigates, destroyers)",,,,,http://en.wikipedia.org/wiki/Iroquois_class_destroyer,,,,,20 in Sorel
,,,,203,20,,,,,,,,,,,,,
China (CM = 5.0),,,,,,,,,,,,,,,,,,
Norinco,,,,125,,8,,"small arms, ammunitions, AFVs, artillery",,,,,,,,,,125 Beijing
Inner Mongolia First Machinery,,,,166,,6,,"AFVs, artillery",,,,,,,,,,166 Hohhot
Poly Technologies,,,,44,,5,,"small arms, rocket systems",,,,,,,,,,44 in Beijing
Chengdu Aircraft Corp,,,,223,,8,,military aircraft,,,,,,,,,,223 in Chengdu
Shenyang Aircraft Corp,,,,256,,7,,military aircraft,,,,,,,,,,256 in Shenyang
Xian Aircraft Corp,,,,185,,6,,military aircraft,,,,,,,,,,185 in Xian
China South Industries Group,,,,294,,6,,"small arms, artillery",,,,,,,,,,295 in Beijing
Changhe Aircraft Corp,,,,78,,5,,helicopters,,,,,,,,,,78 in Jingdezhen
China State Shipbuilding Corporation,,,,153,,7,,military ships,,,,,,,,,,"72 Jiangnan, 56 Hudong, 25 Shanghai"
China Shipbuilding Industry Corporation,,,,238,,6,,military ships,,,,,,,,,,"71 Dalian, 53 Tianjin, 47 Wuhan, 19 Xi'an, 22 Chongqing, 26 Kunming"
Huludao shipyard,,,,74,,5,,"conventional and nuclear submarines, transports, tankers",,,,,,,,,,74 in Huludao
,,,,1836,465,,,,,,,,,,,,,
Chile (CM = 3.3),,,,,,,,,,,,,,,,,,
,,,,,,,,,,,,,,,,,,
FAMAE,,,,13,,4,,"small arms, ammunition",,,,,http://en.wikipedia.org/wiki/FAMAE_SAF,,,,,13 Santiago
ENAER,,,,15,,5,,"light aircraft, trainers",,,,,,,,,,15 Santiago
ASMAR,,,,10, (severely damaged in the 2010 earthquake),4,,"small military ships, transports, tankers",,,,,,,,,,10 in Valparaiso
,,,,38,10,,,,,,,,,,,,,
Colombia (CM = 5.0),,,,,,,,,,,,,,,,,,
Indumil,,,,12,,4,,"small arms, ammunition",,,,,,,,,,12 in Bogota
,,,,12,,,,,,,,,,,,,,
Croatia (CM = 2.0),,,,,,,,,,,,,,,,,,
Djuro Djakovic,,,,11,,4,,"AFVs, artillery",,,,,http://en.wikipedia.org/wiki/M-84,,,,,11 in Slavonski Brod
HS Produkt,,,,11,,4,,"small arms, ammunition",,,,,http://en.wikipedia.org/wiki/VHS_assault_rifle,,,,,11 in Karlovac
Kraljevica Shipyard,,,,7,,4,,small ships (smaller than a frigate),,,,,,,,,,7 in Rijeka
,,,,29,7,,,,,,,,,,,,,
Czech Republic (CM = 2.0),,,,,,,,,,,,,,,,,,
Aero,,,,20,,5,,light combat aircraft,,,,,http://en.wikipedia.org/wiki/Aero_L-159_Alca,,,,,20 in Prague
CZUB,,,,18,,4,,"small arms, ammunition",,,,,http://en.wikipedia.org/wiki/CZ_2000,,,,,18 in Uherský Brod
VOP,,,,12,,5,,"artillery systems, AFVs",,,,,,,,,,12 in Sternberk
,,,,50,,,,,,,,,,,,,,
Denmark (CM = 0.8),,,,,,,,,,,,,,,,,,
Falck-Schmidt,,,,15,,5,,"AFVs, artillery",,,,,,,,,,15 in Odense
Svendborg Skibsverft,,,,17,,6,,military ships,,,,,,,,,,17 in Svendborg
,,,,32,17,,,,,,,,,,,,,
Egypt (CM = 5.0),,,,,,,,,,,,,,,,,,
Kader Factory,,,,30,,3,,"AFVs, artillery, light training aircraft, small arms, ammunition",,,,,,,,,,30 in Cairo
Helwan Machine Tools,,,,22,,2,,"AFVs, artillery",,,,,,,,,,22 in Cairo
Maadi Arms,,,,17,,4,,"small arms, ammunition",,,,,,,,,,17 in Cairo
ABHCO,,,,12,,3,,helicopters,,,,,,,,,,12 in Cairo
AOI Aircraft,,,,15,,3,,light combat aircraft,,,,,,,,,,15 in Cairo
Alexandria Shipyard,,,,26,,2,,small military ships,,,,,,,,,,26 in Alexandria
Abu Zaabal Tank Factory,,,,35,,5,,M1 Abrams license production - one of the largest facility in ME,,,,,,,,,,Helwan/cairo
Arab American Vehicle,,,,5,,4,,Jeeps,,,,,,,,,,
,,,,162,26,,,,,,,,,,,,,
Finland (CM = 0.8),,,,,,,,,,,,,,,,,,
Patria,,,,26,++,8,,"helicopters, UAVs, AFVs, artillery, small arms, ammunition",,,,,http://en.wikipedia.org/wiki/Patria_AMV,,,,,16 in Helsinki 
SAKO,,,,10,,5,,"small arms, ammunition",,,,,http://en.wikipedia.org/wiki/Sako_TRG,,,,,10 in Riihimäki
Meyer Turku,,,,12,,6,,"small military ships (missile boats, corvettes, frigates)",,,,,http://en.wikipedia.org/wiki/Hamina_class_missile_boat,,,,,15 in Turku
,,,,48,12,,,,,,,,,,,,,
France (CM = 1.0),,,,,,,,,,,,,,,,,,
Eurocopter,,,,40,,7,,helicopters,,,,,http://en.wikipedia.org/wiki/Eurocopter_Tiger,,,,,"31 in Marignane, 9 in Paris"
Nexter,,,,38,,7,,"AFVs, artillery, small arms and ammunition",,,,,http://en.wikipedia.org/wiki/Leclerc      http://en.wikipedia.org/wiki/FAMAS,,,,,"28 in Roanne, 10 in Saint Etienne"
Dassault Aviation,,,,61,,8,,military aircraft,,,,,http://en.wikipedia.org/wiki/Dassault_Mirage_2000         http://en.wikipedia.org/wiki/Dassault_Rafale,,,,,"61 in Paris, Bordeaux"
DCNS,,,,43,,8,,military ships (everything),,,,,http://en.wikipedia.org/wiki/La_Fayette_class_frigate         http://en.wikipedia.org/wiki/Charles_de_Gaulle_(R_91),,,,,"10 Cherbourg, 15 Brest, 8 Lorient, 5 Nantes, 5 Toulon"
EADS,,,,131,,9,,,,,,,,,,,,
,,,,313,43,,,,,,,,,,,,,
Georgia (CM = 5.0),,,,,,,,,,,,,,,,,,
Tbilisi Aircraft Manufacturing,,,,15,,3,,military aircraft,,,,,http://en.wikipedia.org/wiki/SU-25,,,,,15 in Tbilisi
,,,,15,,,,,,,,,,,,,,
Germany (CM = 1.0),,,,,,,,,,,,,,,,,,
Krauss-Maffei,,,,46,18,9,,"AFVs, artillery, leopard2 (also license produced in spain and greece)",,,,,http://en.wikipedia.org/wiki/PzH_2000         http://en.wikipedia.org/wiki/Leopard_2,,,,,18 in Munich
Rheinmetall,,,,64,,9,,"artillery, AFVs, small arms, ammunition",,,,,http://en.wikipedia.org/wiki/AGF_(Light_infantry_vehicle)         http://en.wikipedia.org/wiki/MG3,,,,,64 in Düsseldorf
Heckler & Koch,,,,22,,9,,"small arms,ammunition",,,,,http://en.wikipedia.org/wiki/Heckler_%26_Koch_G3       http://en.wikipedia.org/wiki/Heckler_%26_Koch_G36            http://en.wikipedia.org/wiki/Heckler_%26_Koch_MP5,,,,,22 in Oberndorf am Neckar
EADS *Airbus Defence,,,,131,,9,,"military aircraft, air defense systems, space technology",,,,,,,,,,
Eurocopter *Airbus Helicopters,,,,32,,8,,helicopters,,,,,,,,,,"20 in Donauwörth, 6 in Ottobrunn, 6 in Kassel"
ThyssenKrupp Marine,,,,40,,8,,military ships (everything except aircraft carriers and nuclear submarines),,,,,http://en.wikipedia.org/wiki/Sachsen_class_frigate        http://en.wikipedia.org/wiki/Type_212_submarine         http://en.wikipedia.org/wiki/Type_214_submarine          http://en.wikipedia.org/wiki/Bremen_class_frigate,,,,,"22 in Kiel, 15 in Hamburg and 3 in Düsseldorf"
Lürssen Werft,,,,13,,8,,small military ships (missile boats and corvettes),,,,,http://en.wikipedia.org/wiki/Albatros_class_fast_attack_craft,,,,,13 in Bremen
,,,,348,53,,,,,,,,,,,,,
Airbus Defence Locations:,,,,,,,,,,,,,,,,,,
"Italy: Rome + Southern Italy, Spain: Madrid(2) + Andalucia, France: Pyrenees-Languedoc, Aquitaine, Paris(3) Germany: Two southern states, Brandenburg, holstein, hessen, westphalen ",,,,,,,,,,,,,,,,,,
Greece (CM = 1.3),,,,,,,,,,,,,,,,,,
EAS,,,,26,,5,,"small arms, ammunition",,,,,,,,,,26 in Athens
ELBO,,,,19,,6,,"AFVs, artillery",,,,,,,,,,"10 in Thessaloniki, 9 in Athens"
Hellenic Aerospace Industry,,,,25,,3,,"light aircraft, UAVs",,,,,,,,,,25 in Tanagra
Hellenic Shipyards,,,,13,,4,,"small military ships, submarines (conventional)",,,,,http://en.wikipedia.org/wiki/Type_214_submarine,,,,,13 in Athens
,,,,83,13,,,,,,,,,,,,,
Holland (CM = 0.9),,,,,,,,,,,,,,,,,,
Dutch Defense Vehicle Systems,,,,12,,5,,AFVs,,,,,,,,,,12 in Helmond
Fokker Aerospace,,,,17,,4,,light aircraft,,,,,,,,,,"7 in Papendrecht, 4 in Hoogerheide, 4 in Hoogeven and 2 in Helmond"
Damen Schelde Shipbuilding,,,,20,,5,,"small military ships (missile boats, frigates, corvettes)",,,,,,,,,,20 in Gorinchem
Thales Nederland,,,,,,,,"C4i, naval sensors, air defence",,,,,,,,,,
,,,,49,20,,,,,,,,,,,,,
India (CM = 5.0),,,,,,,,,,,,,,,,,,
Heavy Vehicle Factory,,,,70,,5,,"AFVs, artillery",,,,,,,,,,70 in Chennai
Ordnance Factories Organization,,,,85,,6,,"small arms, ammunition, artillery",,,,,,,,,,"6 in Kolkata, 10 in Khadki, 12 in Kanpur, 13 in Jabalpur, 5 in Cossipore, 6 in Khamaria, 7 in Muradnagar, 9 in Chandigarh, 17 in Ishapore"
Hindustan Aeronautics,,,,138,,7,,"military aircraft, UAVs, helicopters",,,,,http://en.wikipedia.org/wiki/HAL_Light_Combat_Helicopter      http://en.wikipedia.org/wiki/HAL_Tejas     http://en.wikipedia.org/wiki/Medium_Combat_Aircraft,,,,,"128 in Bangalore, 10 in Nilakantan"
Cochin Shipyard,,,,25,,6,,military ships,,,,,http://en.wikipedia.org/wiki/Vikrant_class_aircraft_carrier,,,,,25 in Cochin
Mazagon Dock Limited,,,,45,,7,,military ships and submarines,,,,,http://en.wikipedia.org/wiki/Kolkata_class_destroyer    http://en.wikipedia.org/wiki/Godavari_class_frigate          http://en.wikipedia.org/wiki/Shivalik_class_frigate        http://en.wikipedia.org/wiki/Shishumar_class_submarine,,,,,45 in Mumbai
GRSE,,,,37,,6,,military ships,,,,,http://en.wikipedia.org/wiki/Brahmaputra_class_frigate,,,,,37 in Kolkata
Goa Shipyard,,,,13,,7,,"small military ships (nothing larger than a corvette), tankers, transports",,,,,,,,,,13 in Goa
Shipbuilding Centre,,,,15,,5,,submarines (nuclear and conventional),,,,,http://en.wikipedia.org/wiki/Arihant_class_submarine,,,,,15 in Visakhapatnam
,,,,428,135,,,,,,,,,,,,,
Indonesia (CM = 5.0),,,,,,,,,,,,,,,,,,
PT Pindad,,,,16,,5,,"small arms, ammunition, artillery, AFVs",,,,,,,,,,16 in Surabaya
Indonesian Aerospace,,,,20,,3,,"military aircraft, helicopters",,,,,,,,,,20 in Bandung
,,,,36,,,,,,,,,,,,,,
Iran (CM = 5.0),,,,,,,,,,,,,,,,,,
Defense Industries Organization,,,,63,,6,,"small arms, ammunition, AFVs, artillery",,,,,,,,,,33 in Teheran
Shahid Kolah Dooz Complex,,,,20,,5,,AFVs,,,,,http://en.wikipedia.org/wiki/Zulfiqar_(tank),,,,,
PANHA,,,,17,,6,,helicopters,,,,,,,,,,17 in Teheran
HESA,,,,15,,5,,"military aircraft, helicopters, UAVs",,,,,,,,,,15 in Isfahan
Marine Industries Organization,,,,22,12,5,,"Frigates, Destroyers, smaller ships",,,,,,,,,,10 in Bushehr
,,,,137,22,,,,,,,,,,,,,Bandar abbas
Israel (CM = ?),,,,,,,,,,,,,,,,,,
Israel Weapon Industries,,,,13,,8,,"small arms, ammunition",,,,,http://en.wikipedia.org/wiki/IMI_Tavor_TAR-21,,,,,13 in Ramat HaSharon
Israel Military Industries,,,,26,,7,,"AFVs, artillery",,,,,,,,,,26 in Ramat HaSharon
Soltam Systems,,,,15,,5,,"small arms, ammunition, artillery systems",,,,,http://en.wikipedia.org/wiki/ATMOS_2000,,,,,15 in Haifa
Plasan,,,,14,,6,,small AFVs ,,,,,http://en.wikipedia.org/wiki/International_MaxxPro,,,,,14 in Kibbutz Sasa
Israel Aerospace Industries,,,,21,,7,,"military aircraft, air defense systems, satellites",,,,,http://en.wikipedia.org/wiki/IAI_Kfir,,,,,21 in Petah-Tikva
Rafael,,,,18,,7,,"small arms, missiles, ammunition",,,,,,,,,,18 in Tel Aviv
Israel Shipyards,,,,15,,5,,small military ships,,,,,http://en.wikipedia.org/wiki/Sa'ar_4.5-class_missile_boat,,,,,15 in Haifa
Elbit Systems,,,,50,est,8,,"UAVs, EW,",,,,,,,,,,
Ashot Ashkelon,,,,15,,5,,"Ammunition, AFV components",,,,,,,,,,
,,,,187,15,,,,,,,,,,,,,
Italy (CM = 1.0),,,,,,,,,,,,,,,,,,
Beretta,,,,13,,6,,"small arms, ammunition",,,,,http://en.wikipedia.org/wiki/Beretta_Cx4_Storm,,,,,13 in Brescia
Iveco,,,,137,,6,,"artillery systems, AFVs",,,,,http://en.wikipedia.org/wiki/Ariete,,,,,"30 Turin, 25 Foggia, 43 Brescia, 39 La Spezia"
AgustaWestland,,,,57,,7,,helicopters,,,,,http://en.wikipedia.org/wiki/AgustaWestland_AW159,,,,,57 in Varese
Alenia Aermacchi,,,,45,,8,,light military aircraft,,,,,http://en.wikipedia.org/wiki/Aermacchi_M-290_RediGO,,,,,45 in Varese
Fincantieri,,,,48,,8,,military ships (everything),,,,,http://en.wikipedia.org/wiki/Giuseppe_Garibaldi_(551)   http://en.wikipedia.org/wiki/Cavour_(550),,,,,"24 Genoa, 18 La Spezia, 6 Trieste"
Alenia Aeronautica,,,,35,,7,,Transport Planes,,,,,,,,,,
,,,,335,48,,,,,,,,,,,,,
Japan (CM = 0.8),,,,,,,,,,,,,,,,,,
Mitsubishi Heavy Industries,,,,96,,8,,"AFVs, artillery systems, space rockets",,,,,http://en.wikipedia.org/wiki/Type_90,,,,,"18 Tokyo, 22 Takasago, 56 Sagamihara"
Mitsubishi Shipbuilding,,,,45,,7,,"military ships (destroyers, frigates)",,,,,http://en.wikipedia.org/wiki/Atago_class_destroyer     http://en.wikipedia.org/wiki/Takanami_class_destroyer,,,,,"13 Nagasaki, 17 Kobe, 15 Shimonoseki"
Mitsubishi Aerospace,,,,139,,8,,military aircraft,,,,,http://en.wikipedia.org/wiki/Mitsubishi_F-2,,,,,139 Nagoya
Howa Machinery,,,,17,,8,,"small arms, ammunition",,,,,http://en.wikipedia.org/wiki/Howa_Type_96,,,,,17 in Kiyosu
Kawasaki Aerospace Company,,,,88,,7,,"military aircraft, helicopters",,,,,http://en.wikipedia.org/wiki/Kawasaki_C-X      http://en.wikipedia.org/wiki/Kawasaki_OH-1,,,,,"19 in Tokyo, 69 in Chuo-ku"
Kawasaki Shipbuilding,,,,36,,9,,"military ships (destroyers, frigates, conventional submarines)",,,,,http://en.wikipedia.org/wiki/Oyashio_class_submarine,,,,,36 in Kobe
IHI Corporation,,,,37,,8,,"military ships (destroyers, frigates)",,,,,http://en.wikipedia.org/wiki/Hatsuyuki_class_destroyer,,,,,"16 Tokyo, 15 Yokohama, 6 Uraga"
,,,,458,118,,,,,,,,,,,,,
South Korea (CM = 1.4),,,,,,,,,,,,,,,,,,
Hyundai Rotem,,,,40,,8,,"AFVs, artillery",,,,,http://en.wikipedia.org/wiki/K2_Black_Panther,,,,,40 in Seoul
Doosan Infracore,,,,33,,7,,"AFVs, artillery",,,,,,,,,,33 in Seoul
Samsung Techwin,,,,26,,8,,artillery,,,,,http://en.wikipedia.org/wiki/K-9_howitzer,,,,,26 in Pusan
Daewoo Firearms,,,,15,,9,,"small arms, ammunition",,,,,http://en.wikipedia.org/wiki/Daewoo_K3,,,,,15 in Seoul
Korea Aerospace Industries,,,,21,,8,,military aircraft and helicopters,,,,,http://en.wikipedia.org/wiki/Korea_Aerospace_Industries_KFX,,,,,21in Sacheon
Hyundai Heavy Industries,,,,29,,7,,military ships,,,,,http://en.wikipedia.org/wiki/King_Sejong_the_Great_class_destroyer       http://en.wikipedia.org/wiki/Chungmugong_Yi_Sun-sin_class_destroyer       http://en.wikipedia.org/wiki/Ulsan_class_frigate,,,,,29 in Ulsan
Daewoo Shipbuilding,,,,40,,8,,military ships,,,,,http://en.wikipedia.org/wiki/King_Sejong_the_Great_class_destroyer       http://en.wikipedia.org/wiki/Chungmugong_Yi_Sun-sin_class_destroyer       http://en.wikipedia.org/wiki/Ulsan_class_frigate,,,,,40 in Okpo
STX Shipbuilding,,,,25,,7,,military ships,,,,,,,,,,
KIA Motors,,,,,,,,military trucks,,,,,,,,,,
,,,,229,94,,,,,,,,,,,,,
Mexico (CM = 1.4),,,,,,,,,,,,,,,,,,
DGIME,,,,12,,4,,"small arms, ammunition",,,,,http://www.onwar.com/weapons/infantry/firearms/FX-05_Xiuhcoatl.html,,,,,12 in Mexico City
,,,,12,,,,,,,,,,,,,,
Malaysia (CM = 3.3),,,,,,,,,,,,,,,,,,
MMC Defence,,,,16,,5,,"small arms, ammunition, AFVs, artillery",,,,,,,,,,16 in Kuala Laumpur
Boustead Naval Shipyard,,,,12,,4,,"small ships (patrol ships, missile boats)",,,,,,,,,,
,,,,28,12,,,,,,,,,,,,,
Norway (CM = 0.8),,,,,,,,,,,,,,,,,,
Kongsberg,,,,21,,6,,"small arms, ammunition, artillery",,,,,http://en.wikipedia.org/wiki/NASAMS,,,,,17 in Kongsberg
STX Europe,,,,20,,7,,small military ships,,,,,,,,,,"14 in Aalesund, 6 in Florø"
UMOE Mandal,,,,4,,5,,small military ships,,,,,,,,,,"4, Kristiansand"
,,,,45,24,,,,,,,,,,,,,
"kasakhstan: In 2011
 Kazinzhiniring’s
 prots amounted to $11.9 million, and production volume reached $271 million.",,,,,,,,,,,,,,,,,,
,,,,,,,,,,,,,,,,,,
,,,,,,,,,,,,,,,,,,
Pakistan (CM = 5),,,,,,,,,,,,,,,,,,
Heavy Industries Taxila,,,,42,,6,,"AFVs, artillery, small arms, ammunition",,,,,http://en.wikipedia.org/wiki/Al-Khalid_(tank),,,,,42 in Taxila
Pakistan Aeronautical Complex,,,,26,,4,,"military aircraft, UAVs",,,,,http://en.wikipedia.org/wiki/JF-17,,,,,26 in Kamra
Integrated Defence Systems,,,,15,,5,,"UAVs, bombs, ammunition",,,,,,,,,,15 in Islamabad
Pakistan Ordnance Factories,,,,38,,5,,"small arms, ammunition",,,,,,,,,,38 in Wah
Karachi Shipyard,,,,25,,5,,"Submarines, military ships",,,,,,,,,,
,,,,146,25,,,,,,,,,,,,,
Philippines (CM = 5),,,,,,,,,,,,,,,,,,
Ferfrans,,,,15,,4,,"small arms, ammunition",,,,,,,,,,15 in Cebu
Floro International,,,,18,,5,,"small arms, ammunition, artillery",,,,,http://en.wikipedia.org/wiki/OTO_Melara_Mod_56,,,,,18 in Tanay
Aviation Composite Technology,,,,12,,4,,"small aircraft, helicopters",,,,,,,,,,?
,,,,45,,,,,,,,,,,,,,
Poland (CM = 2),,,,,,,,,,,,,,,,,,
Lucznik Arms Factory,,,,14,,4,,"small arms, ammunition",,,,,http://en.wikipedia.org/wiki/Kbk_wz._96_Beryl,,,,,20 in Radom
Tarnow Mechanical Works,,,,6,,4,,"small arms, ammunition",,,,,,,,,,lesser poland
Dezamet,,,,8,,4,,"small arms, ammunition",,,,,,,,,,lesser poland
Mesko,,,,12,,6,,"small arms, ammunition, AA & AT handheld",,,,,,,,,,lesser poland
Bumar,,,,25,,7,,"AFVs, artillery, tanks",,,,,,,,,,25 in Warsaw
WZM,,,,13,,5,,AFVs,,,,,http://en.wikipedia.org/wiki/KTO_Ryś,,,,,poznan
Nauta Gdynia Shipyards,,,,20,,5,,small military ships,,,,,http://en.wikipedia.org/wiki/Kaszub_class,,,,,20 in Gdynia
OBRUM,,,,0,,8,,Research of Armored Vehicles,,,,,,,,,,
,,,,98,20,,,,,,,,,,,,,
Portugal (CM = 1.4),,,,,,,,,,,,,,,,,,
INDEP,,,,13,,3,,"small arms, ammunition",,,,,http://en.wikipedia.org/wiki/Heckler_%26_Koch_HK21,,,,,13 in ?
Bravia Sarl,,,,15,,5,,small AFVs,,,,,,,,,,15 in ?
OGMA,,,,17,,4,,small aircraft,,,,,,,,,,17 in Villa Franca de Xira
,,,,45,,,,,,,,,,,,,,
Romania (CM = 3.3),,,,,,,,,,,,,,,,,,
Romarm,,,,15,,5,,"AFVs, artillery",,,,,,,,,,
Ratmil,,,,14,,5,,small arms,,,,,,,,,,
IAR,,,,24,,6,,"military aircraft, helicopters",,,,,http://en.wikipedia.org/wiki/IAR_330,,,,,24 in Brasov
Daewoo–Mangalia Heavy Industries,,,,,,,,,,,,,,,,,,
,,,,53,,,,,,,,,,,,,,
Russia (CM = 5),,,,,,,,,,,,,,,,,,
Uralvagonzavod,,,,293,,7,,"AFVs, artillery",,,,,http://en.wikipedia.org/wiki/T-90,,,,,253 in Nizhny Tagil
Kirov Plant,,,,50,,7,,AFVs,,,,,,,,,,50 in St. Petersburg
GAZ,,,,85,,5,,small AFVs,,,,,,,,,,85 in Nizhny Novgorod
IZHMASH,,,,200,,7,,"small arms, ammunition",,,,,http://en.wikipedia.org/wiki/AK-47,,,,,200 in Izhevsk
Mikoyan,,,,237,,7,,military aircraft,,,,,http://en.wikipedia.org/wiki/Mikoyan_MiG-29,,,,,"237 in Moscow, Nizhny Novgorod, Kalyazin"
Sukhoi,,,,311,,8,,military aircraft,,,,,http://en.wikipedia.org/wiki/Sukhoi_Su-27,,,,,"311 in Moscow, Novosibirsk, Komsomolsk"
Tupolev,,,,120,,6,,military aircraft,,,,,http://en.wikipedia.org/wiki/Tupolev_Tu-160,,,,,"120 in Zhukovsky (Moscow), Kazan"
Mil Helicopters,,,,88,,8,,helicopters,,,,,http://en.wikipedia.org/wiki/Mil_Mi-24,,,,,88 in Moscow
Kamov,,,,60,,8,,helicopters,,,,,http://en.wikipedia.org/wiki/Kamov_Ka-50,,,,,60 in Moscow
KBP,,,,77,,7,,artillery and missile systems,,,,,,,,,,77 in Tula
Admiralty Shipyard,,,,45,,7,,military ships and submarines,,,,,http://en.wikipedia.org/wiki/Kilo_class_submarine,,,,,45 in St. Petersburg
Severnaya Verf,,,,50,,7,,military ships and submarines,,,,,http://en.wikipedia.org/wiki/Udaloy_class_destroyer,,,,,50 in St. Petersburg
Zelenodolsk Shipyard,,,,48,,6,,"military ships, small – can be omited",,,,,,,,,,!!!! Shipyard located in Zelenodolsk which is a landlocked city on the Volga river!
Irkut,,,,,,6,,,,,,,"Su-30MK, AWACS",,,,,"Taganrog, Irktusk"
Almaz-Antey,,,,,,9,,"Anti-Air systems, small arms",,,,,,,,,,"Izhevsk, Yekaterinburg, Tula, Khimki (moscow)"
Votkinsk Plant,,,,,,7,,Ballistic Missiles,,,,,,,,,,Votkinsk (Izhevsk region)
JSC Defense systems - ... #S-125 Neva/Pechora (also Belarus),,,,,,,,,,,,,,,,,,Neva/Pechora
"Bazalt - Krasnoarmeisk, Tula, Nerekhta. #RPG weapons",,,,,,,,,,,,,,,,,,"Krasnoarmeisk, Tula, Nerekhta"
Amur Shipbuilding Plant - ,,,,,,,,,,,,,,,,,,Komsomolsk-on-Amur
"Kurganmashzavod - Kurgan  #BMP-2, BMP-3",,,,,,,,,,,,,,,,,,Kurgan
"Rostvertol -  Rostov #?i-26T, Mi-24 and Mi-28N.",,,,,,,,,,,,,,,,,,Rostov
Oboronprom All helicopter producers,,,,,,,,,,,,,,,,,,
,,,,,,,,,,,,,,,,,,
Makeyev Rocket Design Bureau - Ballistic missiles,,,,,,,,,,,,,,,,,,
NIIP/Tikhomirov Scientific Research Institute of Instrument Design - Radars,,,,,,,,,,,,,,,,,,Moscow
Phazotron - Radars,,,,,,,,,,,,,,,,,,Moscow
"Sevmash - Severodvinsk/Arhangelsk - largest shipbuilder, subs",,,,,,,,,,,,,,,,,,Severodvinsk/Arhangelsk
Sozvezdie - electronic warfare equipment,,,,,,,,,,,,,,,,,,
Votkinsk Plant State Production Association - ICBM -Votkinsk,,,,,,,,,,,,,,,,,,Votkinsk
"Tactical Missiles Corporation - air-ground, air-sea missiles (inclues Vympel)",,,,,,,,,,,,,,,,,,
Vega Radio Engineering Corporation - UAV's + space survailence,,,,,,,,,,,,,,,,,,
Energiya - Satellites (aslo space station and programme),,,,,,,,,,,,,,,,,,
"Almaz Shipyard – AAV's, soft cussion",,,,,,,,,,,,,,,,,,St. Petersburg
,,,,1664,143,,,,,,,,,,,,,
,,,,,,,,,,,,,,,,,,
South Africa (CM = 2.5),,,,,,,,,,,,,,,,,,
Denel Land Systems,,,,20,,5,,"small arms, ammunition, artillery",,,,,http://en.wikipedia.org/wiki/R4_assault_rifle,,,,,
Land Systems OMC,,,,17,,7,,AFVs,,,,,http://en.wikipedia.org/wiki/Casspir,,,,,
Denel Dynamics,,,,15,,5,,"UAVs, light aircraft, helicopters missiles, bombs",,,,,,,,,,
Paramount,,,,?,,7,,"APC's, light aircraft, helicopters",,,,,,,,,,
,,,,,,,,,,,,,,,,,,
,,,,,,,,,,,,,,,,,,
,,,,52,,,,,,,,,,,,,,
Switzerland (CM = 0.8),,,,,,,,,,,,,,,,,,
MOWAG,,,,24,,7,,AFVs,,,,,,,,,,24 in Kreuzlingen
RUAG,,,,20,,7,,"small arms, ammunition, AFVs",,,,,,,,,,20 in Bern
Pilatus Aircraft,,,,15,,6,,light aircraft,,,,,,,,,,15 in Stans
,,,,59,,,,,,,,,,,,,,
Serbia (CM = 1.7),,,,,,,,,,,,,,,,,,
Zastava Arms,,,,8,,5,,"small arms, ammunition",,,,,,,,,,8 in Kragujevac
Utva,,,,7,,5,,light airxraft,,,,,,,,,,7 in Pančevo
Yugoimport SPDR,,,,16,,5,,"AFVs, artillery systems",,,,,,,,,,16 in Belgrade
,,,,31,,,,,,,,,,,,,,
Singapore (CM = ?),,,,,,,,,,,,,,,,,,
ST Engineering,,,,86,,7,,"everything (literally, from firearms to ships and aircraft)",,,,,,,,,,86 in Singapore
,,,,86,,,,,,,,,,,,,,
Spain (CM = 1.1),,,,,,,,,,,,,,,,,,
CETME,,,,17,,5,,"small arms, ammunition",,,,,,,,,,17 in Madrid
Santa Barbara Sistemas,,,,20,,6,,"AFVs, artillery",,,,,http://en.wikipedia.org/wiki/ASCOD_AFV,,,,,20 in Madrid
EADS CASA,,,,33,,7,,military aircraft,,,,,http://en.wikipedia.org/wiki/Airbus_A400M,,,,,"25 in Seville, 8 in Madrid"
Navantia,,,,22,,7,,military ships,,,,,http://en.wikipedia.org/wiki/Álvaro_de_Bazán_class_frigate      http://en.wikipedia.org/wiki/Spanish_ship_Juan_Carlos_I_(L61),,,,,"13 in Ferrol, 9 in Cadiz"
,,,,92,22,,,,,,,,,,,,,
Sudan (CM = 3),,,,,,,,,,,,,,,,,,
Military Industry Corporation,,,,10,,1,,"small arms, ammunition, AFVs, artillery systems",,,,,,,,,,10 in Khartoum
,,,,,,,,,,,,,,,,,,
Sweden (CM = 0.8),,,,,,,,,,,,,,,,,,
BAE Systems Hägglunds,,,,12,,7,,"AFVs, artillery",,,,,http://en.wikipedia.org/wiki/Combat_Vehicle_90,,,,,23 in Örnsköldsvik
BAE Systems Bofors,,,,9,,,,,,,,,,,,,,
Saab Bofors Dynamics,,,,19,,7,,"small arms, ammunition",,,,,,,,,,19 in Karlskoga
Saab AB,,,,48,,8,,military aircraft,,,,,http://en.wikipedia.org/wiki/JAS_39_Gripen,,,,,44 in Linköping
Kockums AB,,,,26,,6,,"small military ships, conventional submarines",,,,,http://en.wikipedia.org/wiki/Södermanland_class_submarine,,,,,26 in Malmö
,,,,114,26,,,,,,,,,,,,,
Turkey (CM = 2),,,,,,,,,,,,,,,,,,
FNSS,,,,13,,4,,AFVs,,,,,http://en.wikipedia.org/wiki/FNSS_Pars,,,,,?
Otokar,,,,12,,5,,AFVs,,,,,http://en.wikipedia.org/wiki/Otokar_Cobra,,,,,12 in Istanbul
Roketsan,,,,10,,6,,"artillery systems, missiles",,,,,,,,,,10 in Ankara
MKEK,,,,18,,4,,"small arms, ammunition",,,,,,,,,,"10 in Kirikkale, 6 in Ankara, 2 in Cankiri"
Turkish Aerospace Industries,,,,23,,4,,military aircraft,,,,,,,,,,23 in Ankara
Golcuk Naval Shipyard,,,,17,,3,,military ships,,,,,http://en.wikipedia.org/wiki/Barbaros_class_frigate    http://en.wikipedia.org/wiki/Yavuz_class_frigate,,,,,17 in Golcuk
,,,,93,17,,,,,,,,,,,,,
Ukraine (CM = 2),,,,,,,,,,,,,,,,,,
KMDB,,,,38,,7,,"AFVs, artillery, small arms, ammunition",,,,,http://en.wikipedia.org/wiki/T-84,,,,,38 in Kharkiv
Malyshev Factory,,,,20,,7,,AFVs,,,,,,,,,,20 in Kharkiv
Antonov,,,,37,,7,,transport aircraft,,,,,http://en.wikipedia.org/wiki/Antonov_An-70,,,,,37 in Kiev
Nikolayev Shipyard,,,,49,,6,,military ships,,,,,http://en.wikipedia.org/wiki/Russian_aircraft_carrier_Admiral_Kuznetsov,,,,,49 in Nikolayev
,,,,144,49,,,,,,,,,,,,,
United Kingdom (CM = 1.0),,,,,,,,,,,,,,,,,,
BAE Land Systems,,,,111,,9,,"AFVs, artillery, small arms, ammunition",,,,,http://en.wikipedia.org/wiki/M777_howitzer,,,,,
GKN Sankey,,,,70,,6,,AFVs,,,,,http://en.wikipedia.org/wiki/Saxon_(vehicle),,,,,70 in Redditch
AgustaWestland,,,,57,,7,,helicopters,,,,,http://en.wikipedia.org/wiki/AgustaWestland_AW159,,,,,57 in Yeovil
BAE Aerospace,,,,189,,8,,military aircraft,,,,,http://en.wikipedia.org/wiki/Eurofighter_Typhoon,,,,,"102 Warton, 26 Samlesbury, 19 Brough, 24 Manchester, 18 Preston"
QinetiQ,,,,34,,7,,"missile systems, UAVs, light aircraft",,,,,,,,,,34 in Fanrborough
Thales,,,,107,,8,,"air-defense systems, tanker&transport aircraft, UAVs",,,,,,,,,,107 in Weybridge
BAE Systems Marine,,,,40,,9,,everything that floats except subs :D,,,,,http://en.wikipedia.org/wiki/Royal_Navy_CVF_programme  http://en.wikipedia.org/wiki/Type_45_Destroyer,,,,,40 in Glasgow
BAE Systems Submarine,,,,18,,7,,submarines (nuclear and conventional),,,,,http://en.wikipedia.org/wiki/Astute_class_submarine,,,,,18 in Barrow-in-Furness
,,,,626,58,568,,,,,,,,,,,,
USA (CM = 1.0),,,,,,,,,,,,,,,,,,
Alliant Techsystems,,,,40,,7,,"ammunition, fuel for space probes and missiles",,,,,,,,,,
Bell Helicopter Textron,,,,30,,8,,helicopters,,,,,http://en.wikipedia.org/wiki/OH-58_Kiowa,,,,,"20 Fort Worth, 10 Amarillo"
Boeing,,,,305,,9,,"fighters, attack aircraft, bombers, tanker aircraft, UAV",,,,,http://en.wikipedia.org/wiki/B-1_Lancer http://en.wikipedia.org/wiki/B-2_Spirit http://en.wikipedia.org/wiki/B-52_Stratofortress,,,,,"120 Puget Sound, 18 Mesa, 55 el Segundo, 13 Macon, 38 El Paso, 14 San Antonio, St Louis 20, Huntsville 13, Tulsa 14"
Colt Defense,,,,7,,7,,"firearms, ammunition",,,,,http://en.wikipedia.org/wiki/M4_Carbine,,,,,7 Hartford
Consolidated Robotics,,,,142,,8,,"military robots and drones, in the future those cyborg gizmos also",,,,,,,,,,texas
General Dynamics,,,,322,,9,,"shit, virtually everything! :D AFVs, artillery, miniguns, military computers, software",,,,,http://en.wikipedia.org/wiki/M1_Abrams   http://en.wikipedia.org/wiki/Stryker,,,,,"200 Falls Church, Virginia, as for the rest....distribute them as you wish, GD has like half of the world under their ownership :)"
General Dynamics Electric Boat,,,,21,21,9,,submarines (conventional and nuclear),,,,,http://en.wikipedia.org/wiki/Ohio_class_submarine     http://en.wikipedia.org/wiki/Los_Angeles_class_submarine      http://en.wikipedia.org/wiki/Seawolf_class_submarine      http://en.wikipedia.org/wiki/Virginia_class_submarine,,,,,"18 Groton, Connecticut and 3 Quonset Point, Rhode Island"
Bath Iron Works,,,,31,31,9,,surface ships (mostly destroyers and frigates),,,,,http://en.wikipedia.org/wiki/Arleigh_Burke_class_destroyer     http://en.wikipedia.org/wiki/Oliver_Hazard_Perry_class_frigate,,,,,"31 Bath, Maine"
National Steel and Shipbuilding Company,,,,13,13,6,,"auxiliary vessels (tankers, transports)",,,,,,,,,,13 San Diego
L-3 Communications,,,,149,,7,,"communications equipment, computers, software",,,,,,,,,,149 New York
Lockheed Martin,,,,430,,9,,"fighter aircraft, spacecraft, ballistic missiles, plain regular missiles :D, radars, ammunition, satellites, transport aircraft",,,,,http://en.wikipedia.org/wiki/C-130_Hercules   http://en.wikipedia.org/wiki/F-22_Raptor,,,,,"130 Fort Worth, 95 Marietta, Georgia, 57 Palmdale, California, 28 somewhere in Florida, 20 Pennsylvania, 22 West Virginia, 15 Washington, DC, 13 New York, 25 Albuquereue, 25 Denver"
Ingalls Shipbuilding,,,,25,25,8,,"frigates, destroyers, cruisers, transports",,,,,http://en.wikipedia.org/wiki/Ticonderoga_class_cruiser   http://en.wikipedia.org/wiki/San_Antonio_class_amphibious_transport_dock    http://en.wikipedia.org/wiki/Tarawa_class_amphibious_assault_ship     http://en.wikipedia.org/wiki/Wasp_class_amphibious_assault_ship,,,,,"25 Pascagoula, Mississippi"
Northrop Grumman Newport News,,,,65,65,9,,"aircraft carriers, submarines (conventional and nuclear)",,,,,http://en.wikipedia.org/wiki/Nimitz_class_aircraft_carrier,,,,,65 Newport News
Northrop Grumman,,,,258,,8,,"military aircraft, missiles, missile defense systems, satellites, military software and computers",,,,,http://en.wikipedia.org/wiki/B-2_Spirit,,,,,
Raytheon,,,,250,,8,,"radars, sensors, satellites, communications systems, computer software, missiles, missile defense systems",,,,,http://en.wikipedia.org/wiki/AGM-88_HARM,,,,,"96 Tucson, Arizona, 35 Tewksbury, Massachusets, 33 Garland, Texas, 31 McKinney, Texas, 19 Reston, Virginia, 36 El Segundo, California"
Sikorsky Aircraft,,,,64,,7,,helicopters,,,,,http://en.wikipedia.org/wiki/UH-60_Black_Hawk,,,,,"40 Stratford, Connecticut, 10 Fort Worth, Texas, 7 Troy, Alabama, 7 Coatesville, Pensylvania"
United Defense,,,,35,,8,,"AFVs, artillery, firearms, ammunitions, naval artillery, missile launchers",,,,,http://en.wikipedia.org/wiki/M2_Bradley,,,,,"35 Arlington, Virginia"
Textron,,,,155,,8,,"AFVs, small ships and transports, artillery",,,,,http://en.wikipedia.org/wiki/M1117_Armored_Security_Vehicle,,,,,"155 Slidell, Louisiana"
,,,,2342,155,,,,,,,,,,,,,
Uzbekistan,,,,,,,,,,,,,,,,,,
Chkalov Aviation,,,,,,4,,military transport planes,,,,,,,,,,taskent
,,,,,,,,,,,,,,,,,,
,,,,,,,,,,,,,,,,,,
,,,,,,,,,,,,,,,,,,
,,,,,,,,,,,,,,,,,,
,,,,,,,,,,,,,,,,,,
Defence Company Categories:,,,,,,,,,,,,,,,,,,
1,Small Arms + Artillery,,,,,,,,,,,,,,,,,
2,Vehicles,,,,,,,,,,,,,,,,,
3,Aircraft,,,,,,,,,,,,,,,,,
4,Helicopters,,,,,,,,,,,,,,,,,
5,Ships,,,,,,,,,,,,,,,,,
6,Submarines,,,,,,,,,,,,,,,,,
,Rocketry/Space programme,,,,,,,,,,,,,,,,,
,,,,,,,,,,,,,,,,,,
,,,,,,,,,,,,,,,,,,
,,,,,,,,,,,,,,,,,,
,,,,,,,,,,,,,,,,,,
,,,,,,,,,,,,,,,,,,
"Below is some scaling I did for military industry. It's outdated, but I need part of this info to scale up both MIC and Civilian indutry to work better with trade",,,,,,,,,,,,,,,,,,
,,,,,,,,,,,,,,,,,,
,,,,,,,,,,,,,,,,,,
,,,,,,,,,,,,,,,,,,
,,,,,,,,,,,,,,,,,,
,,,,,,,,,,,,,,,,,,
,,,,,,,,,,,,,,,,,,
,,,,,,,,,,,,,,,,,,
Scaling:,,,,,,,,,,,,,,,,,,
Norway should have about:,,,,,,,,,,,,,,,,,,
,2,Navy Yards,,,,,,,,,,,,,,,,
,1,Military Industry,,,,,,,,,,,,,,,,
,3,,,,,,,,,,,,,,,,,
Sweden,,,,,,,,,,,,,,,,,,
,1,Navy Yards,,,,,,,,,,,,,,,,
,2,Military Industry,,,,,,,,,,,,,,,,
,3,Military Export Industry,,,,,,,,,,,,,,,,
,5,,,,,,,,,,,,,,,,,
Finland,,,,,,,,,,,,,,,,,,
,1,Navy Yards,,,,,,,,,,,,,,,,
,1,Military Industry,,,,,,,,,,,,,,,,
,1,Military Export Industry,,,,,,,,,,,,,,,,
,2,,,,,,,,,,,,,,,,,
Germany,,,,,,,,,,,,,,,,,,
,4,Navy Yards,,,,,,,,,,,,,,,,
,7,Military Industry,,,,,,,,,,,,,,,,
,6,Military Export Industry,,,,,,,,,,,,,,,,
,13,,,,,,,,,,,,,,,,,
France,,,,,,,,,,,,,,,,,,
,5,Navy Yards,,,,,,,,,,,,,,,,
,6,Military Industry,,,,,,,,,,,,,,,,
,6,Military Export Industry,,,,,,,,,,,,,,,,
,12,,,,,,,,,,,,,,,,,
Italy,,,,,,,,,,,,,,,,,,
,4,Navy Yards,,,,,,,,,,,,,,,,
,5,Military Industry,,,,,,,,,,,,,,,,
,4,Military Export Industry,,,,,,,,,,,,,,,,
,9,,,,,,,,,,,,,,,,,
UK,,,,,,,,,,,,,,,,,,
,5,Navy Yards,,,,,,,,,,,,,,,,
,8,Military Industry,,,,,,,,,,,,,,,,
,6,Military Export Industry,,,,,,,,,,,,,,,,
,14,,,,,,,,,,,,,,,,,
Poland,,,,,,,,,,,,,,,,,,
,2,Navy Yards,,,,,,,,,,,,,,,,
,6,Military Industry,,,,,,,,,,,,,,,,
,8,,,,,,,,,,,,,,,,,
Ukraine,,,,,,,,,,,,,,,,,,
,2,Navy Yards,,,,,,,,,,,,,,,,
,6,Military Industry,,,,,,,,,,,,,,,,
,8,,,,,,,,,,,,,,,,,
Czech Republic,,,,,,,,,,,,,,,,,,
,4,Military Industry,,,,,,,,,,,,,,,,
,4,,,,,,,,,,,,,,,,,
Turkey,,,,,,,,,,,,,,,,,,
,2,Navy Yards,,,,,,,,,,,,,,,,
,6,Military Industry,,,,,,,,,,,,,,,,
,8,,,,,,,,,,,,,,,,,
Israel,,,,,,,,,,,,,,,,,,
,1,Navy Yards,,,,,,,,,,,,,,,,
,8,Military Industry,,,,,,,,,,,,,,,,
,9,,,,,,,,,,,,,,,,,
Egypt,,,,,,,,,,,,,,,,,,
,2,Navy Yards,,,,,,,,,,,,,,,,
,7,Military Industry,,,,,,,,,,,,,,,,
,9,,,,,,,,,,,,,,,,,
Iran,,,,,,,,,,,,,,,,,,
,2,Navy Yards,,,,,,,,,,,,,,,,
,8,Military Industry,,,,,,,,,,,,,,,,
,10,,,,,,,,,,,,,,,,,
Pakistan,,,,,,,,,,,,,,,,,,
,2,Navy Yards,,,,,,,,,,,,,,,,
,6,Military Industry,,,,,,,,,,,,,,,,
,8,,,,,,,,,,,,,,,,,
India,,,,,,,,,,,,,,,,,,
,7,Navy Yards,,,,,,,,,,,,,,,,
,16,Military Industry,,,,,,,,,,,,,,,,
,23,,,,,,,,,,,,,,,,,
Japan,,,,,,,,,,,,,,,,,,
,10,Navy Yards,,,,,,,,,,,,,,,,
,13,Military Industry,,,,,,,,,,,,,,,,
,23,,,,,,,,,,,,,,,,,
South Korea,,,,,,,,,,,,,,,,,,
,8,Navy Yards,,,,,,,,,,,,,,,,
,8,Military Industry,,,,,,,,,,,,,,,,
,16,,,,,,,,,,,,,,,,,
North Korea,,,,,,,,,,,,,,,,,,
,1,Navy Yards,,,,,,,,,,,,,,,,
,5,Military Industry,,,,,,,,,,,,,,,,
,6,,,,,,,,,,,,,,,,,
China,,,,,,,,,,,,,,,,,,
,24,Navy Yards,,,,,,,,,,,,,,,,
,23,Military Industry,,,,,,,,,,,,,,,,
,8,Military Export Industry,,,,,,,,,,,,,,,,
,31,,,,,,,,,,,,,,,,,
Russia,,,,,,,,,,,,,,,,,,
,10,Navy Yards,,,,,,,,,,,,,,,,
,19,Military Industry,,,,,,,,,,,,,,,,
,25,Military Export Industry,,,,,,,,,,,,,,,,
,44,,,,,,,,,,,,,,,,,
United States,,,,,,,,,,,,,,,,,,
,26,Navy Yards,,,,,,,,,,,,,,,,
,42,Military Industry,,,,,,,,,,,,,,,,
,33,Military Export Industry,,,,,,,,,,,,,,,,
,75,,,,,,,,,,,,,,,,,
Canada,,,,,,,,,,,,,,,,,,
,2,Navy Yards,,,,,,,,,,,,,,,,
,8,Military Industry,,,,,,,,,,,,,,,,
,10,,,,,,,,,,,,,,,,,
South Africa,,,,,,,,,,,,,,,,,,
,1,Navy Yards,,,,,,,,,,,,,,,,
,5,Military Industry,,,,,,,,,,,,,,,,
,6,,,,,,,,,,,,,,,,,
Brazil,,,,,,,,,,,,,,,,,,
,2,Navy Yards,,,,,,,,,,,,,,,,
,12,Military Industry,,,,,,,,,,,,,,,,
,14,,,,,,,,,,,,,,,,,
Phillippines,,,,,,,,,,,,,,,,,,
,2,Navy Yards,,,,,,,,,,,,,,,,
,,,,,,,,,,,,,,,,,,
,,,,,,,,,,,,,,,,,,
Taiwan,,,,,,,,,,,,,,,,,,
,3,Navy Yards,,,,,,,,,,,,,,,,
,,,,,,,,,,,,,,,,,,
Estimates for countries without military industry:,,,,,,,,,,,,,,,,,,
*Should not be larger combined than number of Military export industry: 92,,,,,,,,,,,,,,,,,,
,,,,,,,,,,,,,,,,,,
Saudi Arabia,,,,,,,,,,,,,,,,,,
,1,Navy Yards,,,,,,,,,,,,,,,,
,8,Military Industry,,,,,,,,,,,,,,,,
,9,,,,,,,,,,,,,,,,,
United Arab Emirates,,,,,,,,,,,,,,,,,,
,1,Navy Yards,,,,,,,,,,,,,,,,
,3,Military Industry,,,,,,,,,,,,,,,,
,4,,,,,,,,,,,,,,,,,
Qatar,,,,,,,,,,,,,,,,,,
,0,Navy Yards,,,,,,,,,,,,,,,,
,2,Military Industry,,,,,,,,,,,,,,,,
,2,,,,,,,,,,,,,,,,,
Nigeria,,,,,,,,,,,,,,,,,,
,0,Navy Yards,,,,,,,,,,,,,,,,
,1,Military Industry,,,,,,,,,,,,,,,,
,1,,,,,,,,,,,,,,,,,